{
    "extr0": {
        "rotation": [
            0.9999974698301556,
            -9.02565670277298e-05,
            0.0023498038991799203,
            8.474263946018413e-05,
            0.9999979881613967,
            0.002237205830748929,
            -0.00235019537436221,
            -0.0022367945805574323,
            0.9999944733037601
        ],
        "translation": [
            19.391798805895583,
            0.13335174475377903,
            -0.018738128737512513
        ]
    },
    "extr1": {
        "rotation": [
            0.999997,
            8.5e-05,
            -0.00235,
            -9e-05,
            0.999997,
            -0.002237,
            0.00235,
            0.002237,
            0.999995
        ],
        "translation": [
            -19.391796,
            -0.131648,
            -0.027131
        ]
    },
    "intr0": {
        "dist": [
            -0.015905,
            0.047604,
            0.0,
            0.0,
            0.0
        ],
        "fx": 1639.885461,
        "fy": 1636.508105,
        "h": 1080,
        "ppx": 946.675749,
        "ppy": 538.09724,
        "w": 1920
    },
    "intr1": {
        "dist": [
            -0.025003,
            0.105872,
            0.0,
            0.0,
            0.0
        ],
        "fx": 1633.52637,
        "fy": 1631.248312,
        "h": 1080,
        "ppx": 982.443178,
        "ppy": 534.723198,
        "w": 1920
    }
}